okres,data,rok,miesiac,wegiel_koks_tys_ton,masowe_suche_tys_ton,ogolem_tys_ton,masowe_ciekle_tys_ton,ropa_naftowa_tys_ton,kontenery_tys_ton,ladunki_toczne_tys_ton,pozostala_drobnica_tys_ton,okres_badania
2010 M01,2010-01-01,2010,1,894.1,1784.9,4088.2,1031.8,899.9,483.2,522.6,265.7,2010-2021 (okres stabilny)
2010 M02,2010-02-01,2010,2,1090.8,1831.4,4673.5,1591.7,1522.2,529.5,423.3,297.6,2010-2021 (okres stabilny)
2010 M03,2010-03-01,2010,3,1230.4,2101.3,4594.9,1130.8,990.5,616.0,469.1,277.8,2010-2021 (okres stabilny)
2010 M04,2010-04-01,2010,4,1199.0,2179.6,5015.5,1391.3,1216.1,605.3,462.8,376.4,2010-2021 (okres stabilny)
2010 M05,2010-05-01,2010,5,812.2,1821.5,4474.0,1236.8,1108.4,625.2,467.4,323.2,2010-2021 (okres stabilny)
2010 M06,2010-06-01,2010,6,1113.9,2184.6,5596.5,1866.6,1757.3,704.4,524.9,316.0,2010-2021 (okres stabilny)
2010 M07,2010-07-01,2010,7,1054.2,2196.9,5140.6,1524.8,1431.1,679.6,448.4,290.9,2010-2021 (okres stabilny)
2010 M08,2010-08-01,2010,8,748.8,1790.5,5164.4,1961.5,1797.2,688.8,470.0,253.7,2010-2021 (okres stabilny)
2010 M09,2010-09-01,2010,9,1083.6,2172.2,5301.8,1644.5,1527.2,705.9,537.0,242.2,2010-2021 (okres stabilny)
2010 M10,2010-10-01,2010,10,1032.8,2384.5,5478.7,1542.4,1398.6,732.7,572.4,246.7,2010-2021 (okres stabilny)
2010 M11,2010-11-01,2010,11,683.5,1854.0,5074.4,1697.8,1573.3,775.1,504.3,243.1,2010-2021 (okres stabilny)
2010 M12,2010-12-01,2010,12,890.7,1953.8,4904.1,1559.8,1422.8,682.3,450.3,257.9,2010-2021 (okres stabilny)
2011 M01,2011-01-01,2011,1,833.2,1935.4,5224.9,1746.8,1566.8,834.4,472.4,235.9,2010-2021 (okres stabilny)
2011 M02,2011-02-01,2011,2,651.2,1541.7,4781.7,1769.2,1646.7,705.9,500.4,264.6,2010-2021 (okres stabilny)
2011 M03,2011-03-01,2011,3,649.5,1943.5,5105.4,1579.9,1444.3,749.3,572.8,260.0,2010-2021 (okres stabilny)
2011 M04,2011-04-01,2011,4,500.0,1667.1,4995.3,1778.9,1616.9,759.5,498.1,291.7,2010-2021 (okres stabilny)
2011 M05,2011-05-01,2011,5,793.4,2094.8,4841.8,1050.7,913.1,787.7,582.8,325.8,2010-2021 (okres stabilny)
2011 M06,2011-06-01,2011,6,653.9,1858.7,4630.1,1136.8,992.7,825.4,519.9,289.3,2010-2021 (okres stabilny)
2011 M07,2011-07-01,2011,7,557.0,1931.1,4076.8,663.0,503.3,744.5,465.9,272.3,2010-2021 (okres stabilny)
2011 M08,2011-08-01,2011,8,841.7,2185.1,4682.3,938.5,793.4,810.3,484.7,263.7,2010-2021 (okres stabilny)
2011 M09,2011-09-01,2011,9,575.5,2131.7,4654.4,896.2,700.4,787.5,538.8,300.2,2010-2021 (okres stabilny)
2011 M10,2011-10-01,2011,10,711.8,2257.5,5471.9,1462.3,1277.5,860.0,576.7,315.4,2010-2021 (okres stabilny)
2011 M11,2011-11-01,2011,11,505.0,2167.9,4658.4,975.8,794.4,709.2,545.0,260.5,2010-2021 (okres stabilny)
2011 M12,2011-12-01,2011,12,730.5,2415.8,4615.1,635.4,486.4,846.9,443.5,273.5,2010-2021 (okres stabilny)
2012 M01,2012-01-01,2012,1,673.7,1848.2,4058.5,696.9,562.8,778.7,485.8,249.0,2010-2021 (okres stabilny)
2012 M02,2012-02-01,2012,2,449.6,1701.5,3937.0,630.4,506.8,852.7,509.1,243.3,2010-2021 (okres stabilny)
2012 M03,2012-03-01,2012,3,599.6,2025.6,4663.0,939.6,797.0,852.9,557.5,287.5,2010-2021 (okres stabilny)
2012 M04,2012-04-01,2012,4,725.9,1840.0,4393.1,937.2,796.8,828.5,506.6,280.8,2010-2021 (okres stabilny)
2012 M05,2012-05-01,2012,5,489.8,1869.0,4377.3,726.8,534.9,929.7,556.3,295.4,2010-2021 (okres stabilny)
2012 M06,2012-06-01,2012,6,567.3,1826.9,4342.3,642.3,507.5,936.2,541.9,395.0,2010-2021 (okres stabilny)
2012 M07,2012-07-01,2012,7,676.1,2239.8,5253.5,1210.3,1092.9,962.0,463.6,377.8,2010-2021 (okres stabilny)
2012 M08,2012-08-01,2012,8,906.0,2231.5,5205.2,1261.8,1153.5,864.4,518.9,328.7,2010-2021 (okres stabilny)
2012 M09,2012-09-01,2012,9,834.0,2278.6,5843.3,1750.8,1634.2,941.5,562.2,310.2,2010-2021 (okres stabilny)
2012 M10,2012-10-01,2012,10,818.7,2031.2,5585.6,1701.8,1525.0,953.1,573.8,325.7,2010-2021 (okres stabilny)
2012 M11,2012-11-01,2012,11,876.1,2397.5,6222.4,2058.2,1908.0,913.1,546.9,306.8,2010-2021 (okres stabilny)
2012 M12,2012-12-01,2012,12,859.5,1863.7,4944.1,1452.6,1303.0,968.6,411.1,248.1,2010-2021 (okres stabilny)
2013 M01,2013-01-01,2013,1,910.3,1831.3,5325.3,1597.0,1477.2,1127.3,512.4,257.4,2010-2021 (okres stabilny)
2013 M02,2013-02-01,2013,2,1077.3,2017.8,5065.8,1288.3,1149.8,1019.8,483.5,256.3,2010-2021 (okres stabilny)
2013 M03,2013-03-01,2013,3,798.1,1880.2,4902.6,1046.9,891.1,1123.1,509.6,342.9,2010-2021 (okres stabilny)
2013 M04,2013-04-01,2013,4,995.9,1954.4,4395.5,484.7,321.0,1141.1,549.4,265.9,2010-2021 (okres stabilny)
2013 M05,2013-05-01,2013,5,1301.2,2391.6,5061.8,748.6,610.8,1125.3,536.5,259.7,2010-2021 (okres stabilny)
2013 M06,2013-06-01,2013,6,1182.4,2394.1,5424.9,1043.8,858.8,1149.2,556.6,281.1,2010-2021 (okres stabilny)
2013 M07,2013-07-01,2013,7,883.7,1962.0,4950.0,1193.9,1079.6,1017.7,480.6,295.8,2010-2021 (okres stabilny)
2013 M08,2013-08-01,2013,8,1012.1,2746.4,5951.2,1278.7,1172.8,1101.7,520.0,304.4,2010-2021 (okres stabilny)
2013 M09,2013-09-01,2013,9,1262.1,2781.5,6459.6,1695.1,1551.9,1093.8,578.1,311.1,2010-2021 (okres stabilny)
2013 M10,2013-10-01,2013,10,961.6,2487.6,5954.6,1456.1,1312.2,1114.1,617.4,279.4,2010-2021 (okres stabilny)
2013 M11,2013-11-01,2013,11,820.9,2347.1,5564.9,1301.0,1136.3,964.2,583.6,368.8,2010-2021 (okres stabilny)
2013 M12,2013-12-01,2013,12,700.2,2039.5,5226.2,1374.1,1177.7,1083.0,445.2,284.4,2010-2021 (okres stabilny)
2014 M01,2014-01-01,2014,1,754.8,2083.5,5394.7,1290.9,1191.6,1206.3,527.6,286.4,2010-2021 (okres stabilny)
2014 M02,2014-02-01,2014,2,809.0,2027.1,5221.4,1138.8,1013.8,1235.5,544.2,275.8,2010-2021 (okres stabilny)
2014 M03,2014-03-01,2014,3,1156.9,2459.9,6038.5,1428.5,1281.4,1227.5,650.4,272.2,2010-2021 (okres stabilny)
2014 M04,2014-04-01,2014,4,1006.6,2085.8,5972.8,1698.7,1512.4,1245.4,598.4,344.5,2010-2021 (okres stabilny)
2014 M05,2014-05-01,2014,5,1045.1,2415.2,5343.3,780.7,681.4,1209.9,631.0,306.5,2010-2021 (okres stabilny)
2014 M06,2014-06-01,2014,6,765.3,2060.3,5141.6,925.5,767.4,1197.1,615.7,342.9,2010-2021 (okres stabilny)
2014 M07,2014-07-01,2014,7,683.5,2187.5,5196.4,952.1,759.8,1257.0,525.9,273.8,2010-2021 (okres stabilny)
2014 M08,2014-08-01,2014,8,692.9,2214.6,5582.9,1397.2,1234.3,1158.0,565.2,248.0,2010-2021 (okres stabilny)
2014 M09,2014-09-01,2014,9,1024.0,2634.6,6212.3,1459.5,1281.7,1148.8,632.4,336.9,2010-2021 (okres stabilny)
2014 M10,2014-10-01,2014,10,731.4,2058.8,6823.2,1718.5,1577.5,2132.3,682.9,230.8,2010-2021 (okres stabilny)
2014 M11,2014-11-01,2014,11,452.7,2082.2,5844.2,1516.0,1302.3,1270.9,648.7,326.4,2010-2021 (okres stabilny)
2014 M12,2014-12-01,2014,12,709.6,2334.5,5972.9,1727.2,1506.9,1159.4,486.6,265.2,2010-2021 (okres stabilny)
2015 M01,2015-01-01,2015,1,430.6,1800.0,5355.0,1430.5,1264.7,1271.3,564.0,289.2,2010-2021 (okres stabilny)
2015 M02,2015-02-01,2015,2,891.4,2375.9,5653.7,1315.2,1166.4,1152.5,579.4,230.7,2010-2021 (okres stabilny)
2015 M03,2015-03-01,2015,3,542.7,2398.5,6267.1,1659.8,1442.5,1250.8,690.5,267.6,2010-2021 (okres stabilny)
2015 M04,2015-04-01,2015,4,773.8,2580.0,5662.1,1073.4,920.6,1063.8,621.9,322.9,2010-2021 (okres stabilny)
2015 M05,2015-05-01,2015,5,883.2,2329.7,6131.1,1646.9,1427.4,1124.0,685.8,344.7,2010-2021 (okres stabilny)
2015 M06,2015-06-01,2015,6,441.9,1719.2,5898.1,2004.1,1821.6,1187.0,687.8,300.1,2010-2021 (okres stabilny)
2015 M07,2015-07-01,2015,7,780.1,2092.8,5702.4,1544.7,1300.3,1207.5,556.9,300.5,2010-2021 (okres stabilny)
2015 M08,2015-08-01,2015,8,1033.7,2349.2,6201.0,1886.8,1744.2,1032.6,620.0,312.3,2010-2021 (okres stabilny)
2015 M09,2015-09-01,2015,9,947.9,2492.5,6175.2,1668.5,1507.2,984.8,714.4,315.0,2010-2021 (okres stabilny)
2015 M10,2015-10-01,2015,10,280.2,1714.3,5333.4,1468.1,1340.6,1074.0,749.0,328.0,2010-2021 (okres stabilny)
2015 M11,2015-11-01,2015,11,559.5,1689.7,5250.1,1459.4,1285.2,1080.7,704.8,315.4,2010-2021 (okres stabilny)
2015 M12,2015-12-01,2015,12,573.9,2202.5,5900.4,1698.9,1473.2,1147.5,584.9,266.6,2010-2021 (okres stabilny)
2016 M01,2016-01-01,2016,1,749.5,2205.4,5695.0,1461.2,1327.8,1111.2,632.9,284.4,2010-2021 (okres stabilny)
2016 M02,2016-02-01,2016,2,613.9,2296.8,6032.9,1542.5,1352.0,1252.5,662.0,279.1,2010-2021 (okres stabilny)
2016 M03,2016-03-01,2016,3,807.6,2428.0,5817.0,1045.9,894.8,1291.7,704.4,347.1,2010-2021 (okres stabilny)
2016 M04,2016-04-01,2016,4,720.3,1950.0,6048.3,1609.1,1444.8,1280.5,765.9,442.9,2010-2021 (okres stabilny)
2016 M05,2016-05-01,2016,5,857.6,2340.5,6228.0,1279.2,1159.7,1515.0,753.7,339.7,2010-2021 (okres stabilny)
2016 M06,2016-06-01,2016,6,741.8,2188.3,5734.7,1269.3,1004.6,1181.7,758.4,337.0,2010-2021 (okres stabilny)
2016 M07,2016-07-01,2016,7,744.8,2350.7,6143.8,1670.5,1472.1,1188.6,623.1,310.9,2010-2021 (okres stabilny)
2016 M08,2016-08-01,2016,8,718.5,1848.6,5897.1,1920.8,1711.9,1144.1,666.0,317.7,2010-2021 (okres stabilny)
2016 M09,2016-09-01,2016,9,741.2,2000.4,6479.3,2090.6,1886.8,1272.9,733.5,381.9,2010-2021 (okres stabilny)
2016 M10,2016-10-01,2016,10,903.4,2413.0,6317.2,1479.4,1322.3,1310.6,757.9,356.4,2010-2021 (okres stabilny)
2016 M11,2016-11-01,2016,11,552.1,2063.1,6032.1,1738.8,1480.1,1103.4,737.4,389.5,2010-2021 (okres stabilny)
2016 M12,2016-12-01,2016,12,705.5,2387.4,6500.6,1992.7,1705.0,1188.8,610.7,321.0,2010-2021 (okres stabilny)
2017 M01,2017-01-01,2017,1,632.8,2121.3,6056.3,1856.7,1640.2,1139.6,634.4,304.4,2010-2021 (okres stabilny)
2017 M02,2017-02-01,2017,2,525.2,1973.1,5867.6,1805.9,1567.1,1150.1,664.5,274.1,2010-2021 (okres stabilny)
2017 M03,2017-03-01,2017,3,496.9,2288.5,6375.6,1646.0,1392.8,1263.0,794.5,383.6,2010-2021 (okres stabilny)
2017 M04,2017-04-01,2017,4,715.1,2199.2,6042.4,1555.9,1252.9,1178.5,703.8,405.0,2010-2021 (okres stabilny)
2017 M05,2017-05-01,2017,5,494.1,1799.3,6045.3,1811.2,1556.2,1279.6,770.9,384.2,2010-2021 (okres stabilny)
2017 M06,2017-06-01,2017,6,841.5,2073.8,6500.7,1786.7,1534.5,1408.5,789.5,442.1,2010-2021 (okres stabilny)
2017 M07,2017-07-01,2017,7,815.9,2011.7,6128.0,1428.3,1199.6,1598.0,660.4,429.6,2010-2021 (okres stabilny)
2017 M08,2017-08-01,2017,8,751.8,2081.6,6406.6,1757.1,1551.7,1408.8,762.4,396.8,2010-2021 (okres stabilny)
2017 M09,2017-09-01,2017,9,675.5,2076.8,6442.2,1510.0,1215.1,1601.0,794.8,459.5,2010-2021 (okres stabilny)
2017 M10,2017-10-01,2017,10,986.8,2148.0,6838.5,1864.3,1656.7,1614.8,843.0,368.4,2010-2021 (okres stabilny)
2017 M11,2017-11-01,2017,11,1304.0,2814.0,7552.1,1717.0,1445.3,1764.8,846.3,410.1,2010-2021 (okres stabilny)
2017 M12,2017-12-01,2017,12,887.6,2404.6,7821.0,2614.6,2306.3,1742.4,663.9,395.4,2010-2021 (okres stabilny)
2018 M01,2018-01-01,2018,1,973.8,2303.9,7256.0,1957.4,1716.3,1806.4,713.3,475.0,2010-2021 (okres stabilny)
2018 M02,2018-02-01,2018,2,911.9,1962.3,7096.8,2010.0,1804.3,1843.1,744.9,536.4,2010-2021 (okres stabilny)
2018 M03,2018-03-01,2018,3,1232.2,2686.1,8174.0,2307.3,1985.6,1916.6,802.1,461.9,2010-2021 (okres stabilny)
2018 M04,2018-04-01,2018,4,982.2,2156.7,7722.2,2346.8,2005.0,1895.0,780.7,543.0,2010-2021 (okres stabilny)
2018 M05,2018-05-01,2018,5,1010.1,2530.9,7677.0,1776.1,1499.1,2048.9,797.2,524.0,2010-2021 (okres stabilny)
2018 M06,2018-06-01,2018,6,1356.4,2901.0,7897.2,1791.7,1399.2,1901.0,787.7,515.8,2010-2021 (okres stabilny)
2018 M07,2018-07-01,2018,7,861.7,2217.3,7140.8,1879.9,1551.8,1791.0,686.8,565.7,2010-2021 (okres stabilny)
2018 M08,2018-08-01,2018,8,1114.2,2643.4,7520.3,1865.7,1500.1,1669.8,760.9,580.5,2010-2021 (okres stabilny)
2018 M09,2018-09-01,2018,9,1148.4,2435.7,7002.6,1608.4,1405.1,1534.7,805.6,618.2,2010-2021 (okres stabilny)
2018 M10,2018-10-01,2018,10,716.7,2356.3,8176.9,2098.1,1767.6,2277.1,855.8,589.6,2010-2021 (okres stabilny)
2018 M11,2018-11-01,2018,11,1206.6,3061.8,8545.2,2347.0,2028.4,1711.8,849.7,574.8,2010-2021 (okres stabilny)
2018 M12,2018-12-01,2018,12,1511.1,2898.6,7589.1,1814.6,1442.1,1746.2,633.0,496.7,2010-2021 (okres stabilny)
2019 M01,2019-01-01,2019,1,1072.1,2422.2,7478.2,1970.0,1592.4,1813.0,764.9,508.0,2010-2021 (okres stabilny)
2019 M02,2019-02-01,2019,2,1178.0,2520.0,7637.7,2095.1,1784.9,1755.9,730.2,536.4,2010-2021 (okres stabilny)
2019 M03,2019-03-01,2019,3,1325.9,2933.1,8272.6,1996.0,1649.1,1990.1,830.9,522.5,2010-2021 (okres stabilny)
2019 M04,2019-04-01,2019,4,949.6,2160.7,7650.3,2215.4,1690.7,1971.3,741.8,561.1,2010-2021 (okres stabilny)
2019 M05,2019-05-01,2019,5,1009.1,2437.8,9059.3,3364.8,2939.7,2047.1,799.8,409.8,2010-2021 (okres stabilny)
2019 M06,2019-06-01,2019,6,1204.3,2479.6,8514.7,2884.4,2459.1,1966.0,770.4,414.3,2010-2021 (okres stabilny)
2019 M07,2019-07-01,2019,7,1210.0,2746.3,7928.3,2339.6,2014.1,1828.7,621.5,392.1,2010-2021 (okres stabilny)
2019 M08,2019-08-01,2019,8,924.8,2296.3,7083.1,1702.0,1350.1,1916.8,702.1,465.9,2010-2021 (okres stabilny)
2019 M09,2019-09-01,2019,9,835.8,2309.7,7475.3,1977.5,1658.9,2004.9,780.7,402.6,2010-2021 (okres stabilny)
2019 M10,2019-10-01,2019,10,1049.7,2331.8,7684.2,2178.7,1778.6,1957.1,824.2,392.6,2010-2021 (okres stabilny)
2019 M11,2019-11-01,2019,11,948.6,2707.7,7797.2,2002.7,1535.5,1934.2,783.5,369.1,2010-2021 (okres stabilny)
2019 M12,2019-12-01,2019,12,1049.8,2362.9,7283.5,2118.1,1655.0,1900.2,575.8,326.5,2010-2021 (okres stabilny)
2020 M01,2020-01-01,2020,1,880.3,2224.4,7134.9,1906.4,1419.0,1946.0,700.1,357.9,2010-2021 (okres stabilny)
2020 M02,2020-02-01,2020,2,959.1,2693.2,7502.8,1626.8,1204.5,2123.9,737.3,321.6,2010-2021 (okres stabilny)
2020 M03,2020-03-01,2020,3,688.3,2491.1,7502.0,2062.2,1669.4,1620.7,812.7,515.2,2010-2021 (okres stabilny)
2020 M04,2020-04-01,2020,4,486.8,2401.1,6737.3,1576.7,1079.4,1727.4,629.2,402.9,2010-2021 (okres stabilny)
2020 M05,2020-05-01,2020,5,930.8,2632.0,7827.8,2057.0,1499.2,1436.5,679.0,1023.3,2010-2021 (okres stabilny)
2020 M06,2020-06-01,2020,6,785.5,2235.4,6774.9,1773.3,1339.1,1725.8,711.3,329.1,2010-2021 (okres stabilny)
2020 M07,2020-07-01,2020,7,927.5,2343.6,7013.1,1934.8,1585.6,1826.4,610.8,297.5,2010-2021 (okres stabilny)
2020 M08,2020-08-01,2020,8,755.8,2245.1,7443.8,1969.9,1567.1,1919.9,720.6,588.4,2010-2021 (okres stabilny)
2020 M09,2020-09-01,2020,9,1000.4,2675.5,7606.2,1987.5,1639.6,1821.3,820.0,301.8,2010-2021 (okres stabilny)
2020 M10,2020-10-01,2020,10,929.4,2839.9,8068.1,2202.4,1831.9,1767.2,838.5,420.2,2010-2021 (okres stabilny)
2020 M11,2020-11-01,2020,11,761.9,2723.1,7534.0,1701.8,1198.2,2001.8,781.1,326.1,2010-2021 (okres stabilny)
2020 M12,2020-12-01,2020,12,908.6,2913.8,7373.2,1661.6,1274.0,1738.7,706.5,352.5,2010-2021 (okres stabilny)
2021 M01,2021-01-01,2021,1,878.0,2701.8,8189.3,2420.6,2090.9,1933.7,757.5,375.6,2010-2021 (okres stabilny)
2021 M02,2021-02-01,2021,2,759.5,2493.3,7760.8,2473.9,2100.9,1725.6,789.3,278.7,2010-2021 (okres stabilny)
2021 M03,2021-03-01,2021,3,1089.6,2975.9,8674.1,2165.7,1732.5,2189.7,897.7,445.1,2010-2021 (okres stabilny)
2021 M04,2021-04-01,2021,4,618.8,2387.5,7659.3,2051.7,1558.2,1967.0,825.1,428.0,2010-2021 (okres stabilny)
2021 M05,2021-05-01,2021,5,768.5,2331.0,7724.1,2047.7,1573.2,2059.1,869.4,416.9,2010-2021 (okres stabilny)
2021 M06,2021-06-01,2021,6,720.0,2238.4,7733.3,2194.2,1819.7,1755.0,1033.9,511.8,2010-2021 (okres stabilny)
2021 M07,2021-07-01,2021,7,606.1,1962.7,7735.3,2458.7,1949.1,2124.7,714.5,474.7,2010-2021 (okres stabilny)
2021 M08,2021-08-01,2021,8,583.8,2025.9,7544.4,2404.3,2087.4,1839.8,771.4,503.0,2010-2021 (okres stabilny)
2021 M09,2021-09-01,2021,9,591.2,2276.7,7641.1,2245.9,1839.9,1909.7,873.3,335.4,2010-2021 (okres stabilny)
2021 M10,2021-10-01,2021,10,553.0,2114.6,8746.8,3429.5,3110.8,1879.7,905.6,417.5,2010-2021 (okres stabilny)
2021 M11,2021-11-01,2021,11,765.5,2622.0,8828.6,2960.6,2413.0,1906.8,879.0,460.1,2010-2021 (okres stabilny)
2021 M12,2021-12-01,2021,12,612.0,2396.2,8425.7,3036.7,2472.4,1824.2,715.2,453.4,2010-2021 (okres stabilny)
2022 M01,2022-01-01,2022,1,986.6,2349.6,7570.8,2189.6,1877.6,1843.6,762.9,425.1,2022-2026 (kryzys energetyczny)
2022 M02,2022-02-01,2022,2,1005.4,2309.5,8072.8,2707.8,2325.6,1841.9,763.8,449.8,2022-2026 (kryzys energetyczny)
2022 M03,2022-03-01,2022,3,1061.9,2762.8,9813.1,3298.7,2686.7,2232.6,942.8,576.2,2022-2026 (kryzys energetyczny)
2022 M04,2022-04-01,2022,4,947.8,2707.7,8744.2,2964.1,2474.3,1694.2,831.7,546.6,2022-2026 (kryzys energetyczny)
2022 M05,2022-05-01,2022,5,1000.8,2634.2,9217.0,2980.8,2342.5,2024.6,903.2,674.3,2022-2026 (kryzys energetyczny)
2022 M06,2022-06-01,2022,6,2091.4,4114.4,10188.3,2914.9,2301.0,1725.2,857.7,576.2,2022-2026 (kryzys energetyczny)
2022 M07,2022-07-01,2022,7,1790.5,3462.8,9697.3,2996.2,2346.1,1980.4,745.4,512.4,2022-2026 (kryzys energetyczny)
2022 M08,2022-08-01,2022,8,2159.8,3861.6,10014.9,2964.8,2470.6,1968.1,739.8,480.7,2022-2026 (kryzys energetyczny)
2022 M09,2022-09-01,2022,9,2259.8,3658.7,10416.4,3783.0,3246.9,1722.9,825.9,425.9,2022-2026 (kryzys energetyczny)
2022 M10,2022-10-01,2022,10,3449.8,5146.5,12938.6,3976.7,3300.2,2430.5,862.5,522.5,2022-2026 (kryzys energetyczny)
2022 M11,2022-11-01,2022,11,3058.4,4475.1,11339.7,3869.7,3242.7,1768.6,802.5,423.7,2022-2026 (kryzys energetyczny)
2022 M12,2022-12-01,2022,12,2631.6,4211.6,10959.2,4178.3,3418.3,1523.0,679.0,367.3,2022-2026 (kryzys energetyczny)
2023 M01,2023-01-01,2023,1,3213.7,4877.0,12112.5,4302.0,3720.5,1788.1,725.3,420.1,2022-2026 (kryzys energetyczny)
2023 M02,2023-02-01,2023,2,2720.4,4212.4,11597.7,4093.1,3491.7,2048.5,724.3,519.5,2022-2026 (kryzys energetyczny)
2023 M03,2023-03-01,2023,3,2386.2,4108.6,11730.7,4169.6,3671.9,2220.5,785.1,446.8,2022-2026 (kryzys energetyczny)
2023 M04,2023-04-01,2023,4,1758.2,3509.8,11559.8,4695.4,4130.5,2272.1,671.8,410.7,2022-2026 (kryzys energetyczny)
2023 M05,2023-05-01,2023,5,1562.1,3606.2,11292.4,4287.6,3720.3,2231.1,775.2,392.0,2022-2026 (kryzys energetyczny)
2023 M06,2023-06-01,2023,6,1373.4,3500.3,11405.8,4336.3,3689.2,2370.9,742.7,455.6,2022-2026 (kryzys energetyczny)
2023 M07,2023-07-01,2023,7,1617.1,3515.4,11363.1,4651.1,3969.1,2235.3,612.5,348.8,2022-2026 (kryzys energetyczny)
2023 M08,2023-08-01,2023,8,1513.7,3478.5,12105.3,4751.8,4276.1,2357.2,688.3,829.5,2022-2026 (kryzys energetyczny)
2023 M09,2023-09-01,2023,9,1115.0,2833.4,10539.4,4323.6,3688.0,2153.6,796.3,432.5,2022-2026 (kryzys energetyczny)
2023 M10,2023-10-01,2023,10,1052.7,3320.6,11770.2,4568.0,3806.6,2681.6,816.0,383.9,2022-2026 (kryzys energetyczny)
2023 M11,2023-11-01,2023,11,882.1,2595.9,10432.4,4253.0,3608.4,2427.7,768.9,387.0,2022-2026 (kryzys energetyczny)
2023 M12,2023-12-01,2023,12,803.5,2771.9,10505.8,4680.7,3963.1,2067.0,624.4,361.8,2022-2026 (kryzys energetyczny)
2024 M01,2024-01-01,2024,1,911.1,2610.5,9609.8,3975.3,3537.9,1954.4,711.6,358.0,2022-2026 (kryzys energetyczny)
2024 M02,2024-02-01,2024,2,566.1,2127.3,9915.6,4602.1,3897.2,2070.8,753.8,361.5,2022-2026 (kryzys energetyczny)
2024 M03,2024-03-01,2024,3,456.6,2340.3,10674.3,4731.1,4188.6,2369.3,783.5,450.0,2022-2026 (kryzys energetyczny)
2024 M04,2024-04-01,2024,4,688.1,2576.9,10266.9,4574.6,3967.0,1844.4,798.2,472.7,2022-2026 (kryzys energetyczny)
2024 M05,2024-05-01,2024,5,766.5,2603.5,10825.1,4807.3,4212.5,2138.6,804.6,471.1,2022-2026 (kryzys energetyczny)
2024 M06,2024-06-01,2024,6,919.4,2408.8,10687.6,4697.9,4119.7,2316.5,805.8,458.5,2022-2026 (kryzys energetyczny)
2024 M07,2024-07-01,2024,7,1165.6,2867.0,10850.7,4964.3,4313.5,1912.4,705.9,401.2,2022-2026 (kryzys energetyczny)
2024 M08,2024-08-01,2024,8,854.7,2416.3,9811.2,4216.5,3551.8,1982.5,751.6,444.3,2022-2026 (kryzys energetyczny)
2024 M09,2024-09-01,2024,9,853.7,2424.2,10667.7,5083.0,4526.7,1931.2,832.1,397.2,2022-2026 (kryzys energetyczny)
2024 M10,2024-10-01,2024,10,1270.0,2956.1,10634.6,4299.7,3509.6,2013.5,910.8,454.5,2022-2026 (kryzys energetyczny)
2024 M11,2024-11-01,2024,11,711.2,2629.2,10403.0,4704.2,3990.6,1827.2,814.1,428.3,2022-2026 (kryzys energetyczny)
2024 M12,2024-12-01,2024,12,818.5,2405.7,9893.4,4483.8,3836.2,1988.2,649.8,366.0,2022-2026 (kryzys energetyczny)
2025 M01,2025-01-01,2025,1,526.5,2187.7,9999.5,4510.4,3677.6,2181.6,753.9,366.0,2022-2026 (kryzys energetyczny)
2025 M02,2025-02-01,2025,2,472.0,2028.5,8199.0,3206.9,2623.1,1855.4,785.1,323.1,2022-2026 (kryzys energetyczny)
2025 M03,2025-03-01,2025,3,626.1,2312.7,11564.9,5356.3,4532.7,2494.1,890.8,511.0,2022-2026 (kryzys energetyczny)
2025 M04,2025-04-01,2025,4,770.5,2364.4,10714.7,4795.8,4090.5,2195.9,791.2,567.3,2022-2026 (kryzys energetyczny)
2025 M05,2025-05-01,2025,5,884.8,2478.7,10515.6,4779.8,3958.2,1920.7,836.8,499.5,2022-2026 (kryzys energetyczny)
2025 M06,2025-06-01,2025,6,671.1,2267.9,10579.2,4853.0,4132.0,2144.8,812.7,500.7,2022-2026 (kryzys energetyczny)
2025 M07,2025-07-01,2025,7,963.1,2875.7,10674.0,4504.5,3718.2,2149.1,698.3,446.5,2022-2026 (kryzys energetyczny)
2025 M08,2025-08-01,2025,8,869.4,2807.8,11222.1,5039.0,4236.8,2219.6,787.3,368.4,2022-2026 (kryzys energetyczny)
2025 M09,2025-09-01,2025,9,657.5,3047.0,11051.7,4533.8,3829.5,2244.0,837.8,389.0,2022-2026 (kryzys energetyczny)
2025 M10,2025-10-01,2025,10,1019.3,2565.6,11821.6,5445.1,4629.9,2381.4,920.7,508.9,2022-2026 (kryzys energetyczny)
2025 M11,2025-11-01,2025,11,764.4,2458.8,11321.2,5017.7,4104.0,2413.3,845.9,585.4,2022-2026 (kryzys energetyczny)
2025 M12,2025-12-01,2025,12,763.7,2911.8,10571.4,4137.2,3444.3,2267.0,666.7,588.6,2022-2026 (kryzys energetyczny)
2026 M01,2026-01-01,2026,1,864.5,2117.9,10072.2,4427.2,3600.3,2270.8,713.5,542.8,2022-2026 (kryzys energetyczny)
2026 M02,2026-02-01,2026,2,570.6,2274.2,10095.5,4266.3,3564.4,2338.0,809.4,407.6,2022-2026 (kryzys energetyczny)
2026 M03,2026-03-01,2026,3,957.2,2460.2,11008.9,4504.2,3658.5,2574.9,932.3,537.3,2022-2026 (kryzys energetyczny)
2026 M04,2026-04-01,2026,4,715.9,2707.8,10823.5,4164.8,3534.0,2454.7,845.3,651.0,2022-2026 (kryzys energetyczny)
2026 M05,2026-05-01,2026,5,916.8,2428.1,10921.9,4454.2,3799.3,2548.2,890.8,600.5,2022-2026 (kryzys energetyczny)
2026 M06,2026-06-01,2026,6,895.0,2541.8,10722.0,4141.4,3435.1,2614.3,869.5,555.0,2022-2026 (kryzys energetyczny)
2026 M07,2026-07-01,2026,7,733.0,2319.3,8548.2,2666.5,2056.8,2404.5,753.4,404.5,2022-2026 (kryzys energetyczny)
